Publisher,Vendor,Also Tag,
1517 Publishing,IPG,keepingram,
2000 AD,,,
47north,Ingram,keepingram,
Aaron Bach LLC,Ingram,keepingram,
Abaddon Books,Simon & Schuster,,
Abbeville Press,Norton,,
Abilene Christian University Press,Ingram,keepingram,
Ablaze,Ingram,keepingram,
Abrams,Hachette-Abrams,,was Hachette but they only distribute; can't sell direct?
Abrams Appleseed,Hachette-Abrams,,
Abrams Books for Young Readers,Hachette-Abrams,,
Abrams Comicarts,Hachette-Abrams,,
Acc Art Books,ACC Art Books,,
Ace Books,Penguin Random House,,
Aconyte,Simon & Schuster,,Appear to no longer be available thru Simon & Schuster
Acre Books,Ingram,keepingram,
ACU Press/Leafwood Publishers,Ingram,keepingram,
Adams Media Corporation,Simon & Schuster,,
AddisonHighsmithPublishers,IPG,keepingram,
AdLibPublishers,Ingram,keepingram,
AeonianPress,Ingram,keepingram,
AFK,Ingram,keepingram,
Aftershock Comics,Ingram,keepingram,
Aguilar,Penguin Random House,,
Ahoy Comics,Simon & Schuster,,
Airship,Penguin Random House,,
Akashic Books,Norton,,
Aladdin Paperbacks,Simon & Schuster,,
Albatross Book Co.,Ingram,keepingram,
Albin Michel,ACC Art Books,,
Alcove Press,Penguin Random House,,
Alexander Ebenstein,Ingram,keepingram,
Alexis Patton,Ingram,keepingram,
Alfaguara,Penguin Random House,,
Alfred A. Knopf,Penguin Random House,,
Alfred A. Knopf Books for Young Readers,Penguin Random House,,
Algonquin Books,Hachette,,
Alice James Books,Consortium,,
Alien Books,Ingram,keepingram,
Allen Sircy,Ingram,keepingram,
Alma Books,Macmillan,,
Also Industries,Ingram,keepingram,
Althea Press,Simon & Schuster,,
Amazon Crossing,Ingram,keepingram,
Amazon Publishing,Ingram,keepingram,
Amber Allen Publishing,Penguin Random House,,
Amber Books,Ingram,keepingram,
Amber Lotus Publishing,Simon & Schuster,,
Amber-Allen Publishing,Penguin Random House,,
Amberjack Publishing,IPG,,
Amberley Publishing,IPG,,
America Through Time,Ingram,keepingram,
Amistad Press,HarperCollins,,
Amok Books,Ingram,keepingram,
Amplify Publishing,Ingram,keepingram,
Amulet Books,Hachette-Abrams,,
Anchor Books,Penguin Random House,,
Andrews McMeel Publishing,Simon & Schuster,,
Andscape Books,Ingram,,
Angel City Press,Gibbs Smith,,
Angry Robot,Penguin Random House,,
Anima,Macmillan,,
Anne Schwartz Books,Penguin Random House,,
Anthropolis Publishing,Ingram,keepingram,
Apg Sales & Distribution,Ingram,keepingram,
Apocalypse Party,Ingram-PI,,
Apollo,Macmillan,,
Applause Books,Ingram,keepingram,
Applewood Books,Ingram,keepingram,
Apprentice House,Ingram,keepingram,
Arcade Publishing,Simon & Schuster,,
Arcadia Publishing (SC),Ingram,keepingram,
Archaia,Simon & Schuster,,
Archway Editions,Simon & Schuster,,
Arouca Press,Ingram,keepingram,
Arctis,Simon & Schuster,,
Arcturus Editions,Texas Bookman,,
Aria,Macmillan,,
Art Institute of Chicago,Ingram,keepingram,
Arthur A. Levine Books,Ingram,keepingram,
Artisan Publishers,Hachette,,
Aspect,Ingram,keepingram,
Aspects Entertainment,Ingram,keepingram,
Assouline,Assouline only? or DAP?,,
Astra House,Penguin Random House,,
Atheneum Books,Simon & Schuster,,
Atheneum Books for Young Readers,Simon & Schuster,,
Atico de Los Libros,Ingram,keepingram,
Atlantic Books (UK),IPG,ingram,
Atlatl Press,Ingram-PI,,
Atmosphere Press,Ingram,keepingram,
Atria Books,Simon & Schuster,,
Atria/One Signal Publishers,Simon & Schuster,,
Atria/Primero Sueno Press,Simon & Schuster,,
Authors Equity,Simon & Schuster,,
Autumn House Press,Ingram,keepingram,
Auwa,Macmillan,,
Ave Maria Press,Ingram,keepingram,
Avery Hill Publishing,Ingram,keepingram,
Avery Publishing Group,Penguin Random House,,
Avid Reader Press,Simon & Schuster,,
Avon Books,HarperCollins,,
Ayahuasca Publishing,Ingram,keepingram,
Ayrelon Press,Ingram-PI,,
B de Bolsillo,Penguin Random House,,
Babylit,Ingram,keepingram,
Back Bay Books,Hachette,,
Backbeat Books,Ingram,keepingram,
Bad Hand Books,Ingram,keepingram,
Baen,Simon & Schuster,,
Baker Academic,Ingram,keepingram,
Baker Books,Ingram,keepingram,
Balance,Hachette,,
Balance of Seven,Ingram,keepingram,
Ballantine Books,Penguin Random House,,
Ballast Books,Ingram,keepingram,
Balzer & Bray/Harperteen,HarperCollins,,
Banovallum,Ingram,keepingram,
Bantam,Penguin Random House,,
Bantam Classics,Penguin Random House,,
Barnes & Noble,Ingram,,
Basic Books,Hachette,,
Batsford,Penguin Random House,,
Bazillion Points LLC,Ingram,keepingram,
BBC Books,Penguin Random House,,
Beach Lane Books,Simon & Schuster,,
Beacon Press,Penguin Random House,,
Bear & Company,Ingram,keepingram,
Becker & Mayer,Ingram,keepingram,
Behemoth Comics,Simon & Schuster,,
Belknap Press,DAP-Trilateral,,
Belle Point Press,Ingram,keepingram,
Benbella Books,Penguin Random House,,To change to Simon & Schuster in Jan 2025
Berger Books,Penguin Random House,,
Berkley / Nal,Penguin Random House,,
Berkley Books,Penguin Random House,,
Berkley Romance,Penguin Random House,,
Berrett-Koehler Publishers,Penguin Random House,,
Bethany House Publishers,Ingram,keepingram,
Big Picture Press,Penguin Random House,,
Bill Pearl,Ingram-PI,,
Birlinn,Ingram,keepingram,
Bison Books,Ingram,keepingram,
Bizarro Pulp Press,Ingram,keepingram,
Black Belt Books,IPG,,
Black Dog & Leventhal Publishers,Hachette,,
Black Irish Entertainment LLC,Ingram,keepingram,
Black Library,Simon & Schuster,,
Black Mask Entertainment,Simon & Schuster,,
Black Panel Press,Ingram,keepingram,
Black Shuck Books,Ingram,keepingram,
Black Spot Books,IPG,,
Black T-Shirt Books,Ingram,keepingram,
Blacksmith Books,Ingram,keepingram,
Blackstaff Press,Ingram,keepingram,
Blackstone Publishing,Ingram,keepingram,
Blf Press LLC,Ingram,keepingram,
Bloom Books,Penguin Random House,,
Bloomsbury Continuum,Macmillan,,
Bloomsbury Publishing,Macmillan,,
Bloomsbury USA,Macmillan,,
Bloomsbury YA,Macmillan,,
Blue Box Press,Simon & Schuster,,
Blue Sparrow,Blue Sparrow,noingram,
Blue Star Press,Penguin Random House,,
Bluebird,Macmillan,,
Blurb,Ingram,keepingram,
Blurring Books,Ingram,keepingram,
BMG Books,Ingram,keepingram,
Bold Type Books,Hachette,,
Bombardier Books,Simon & Schuster,,
Bookbaby,Ingram,keepingram,
Bookland Press,Ingram,keepingram,
Boom! Studios,Simon & Schuster,,
Bramble,Macmillan,,
Brazos Press,Ingram,keepingram,
BRF,Ingram,keepingram,
Bridge-Logos Publishers,Ingram,keepingram,
British Film Institute,Macmillan,,
British Library,IPG,ingram,
Broadleaf Books,Ingram,keepingram,
Broadside Books,HarperCollins,,
Broadview Press Inc,Broadview Press Inc,,
Broken Eye Books,Ingram,keepingram,
Buckman Publishing LLC,Ingram,keepingram,
Buckrider Books,Ingram,keepingram,
Bungie,Ingram,keepingram,
Burial Books LLC,Ingram,keepingram,
Burnham Inc Pub,Ingram,keepingram,
California Coldblood Books,Ingram,keepingram,
Calla Editions,Ingram,keepingram,
Callisto Kids,Ingram,keepingram,
Camcat Books,IPG,keepingram,
Cameron Books,Abrams,,
Canary Street Press,HarperCollins,,
Candlewick Press,Penguin Random House,,
Canterbury Classics,Simon & Schuster,,
Capstone Classics,Ingram,keepingram,
Carlton Books,IPS,keepips,
Cascade Books,Ingram,keepingram,
Cash Money Content,Ingram,keepingram,
Castle Bridge Media,Ingram,keepingram,
Castle Point Books,Macmillan,,
Catapult,Penguin Random House,,
Celadon Books,Macmillan,,
Cemetery Dance Publications,Ingram,keepingram,
Central Avenue Publishing,IPG,,
Centrala,,,
Cernunnos,Hachette-Abrams,,
Chaosium,Ingram,keepingram,
Charisma House,Ingram,keepingram,
Chartwell Books,Hachette,,
Chartwell Castle Books,Hachette,,
Checkmark Books,Ingram,keepingram,
Chelsea Green Publishing Company,Ingram,keepingram,
Chic Editorial,Ingram,keepingram,
Chicken House,,,
Chicago Review Press,IPG,,
Chiltern Publishing,IPS,keepips,
Chooseco,,,
Christian Faith,Ingram-PI,,
Christy Ottaviano Books,Hachette,,
Chronicle Books,Hachette-Chronicle,,
Chronicle Chroma,Hachette-Chronicle,,
Chronicle Prism,Hachette-Chronicle,,
Cider Mill Press,HarperCollins,,
Cinco Puntos Press,Ingram,keepingram,
Cinestate,Ingram,keepingram,
Citadel Press,Penguin Random House,,
Citadel Press Kensington Publishing Corp.,Penguin Random House,,
Clarion Books,HarperCollins,,
Clarkson Potter Publishers,Penguin Random House,,
Clash Books,Ingram-PI,,
Claudia Turner,Ingram,keepingram,
Cln Publishing LLC,Ingram,keepingram,
Clover Press,IPS,keepips,
Compendium Publishing & Communications,Ingram,keepingram,
Conecta,Ingram,keepingram,
Constable & Robinson,Hachette,,
Convergent Books,Penguin Random House,,
Corner House Publishing,Ingram,keepingram,
Cornerstone Press,Ingram,keepingram,
Coronet Books (GB),Hachette,,
Coronis Publishing,Ingram,keepingram,
Cosmic Horror Monthly LLC,Ingram,keepingram,
Counterpoint LLC,Penguin Random House,,
Countryman Press,Norton,,
Createspace Independent Publishing Platform,Ingram,keepingram,
Creation Oneiros,SCB,,
"Creature Publishing, LLC",Ingram,keepingram,
Creek Ridge Publishing,Ingram,keepingram,
Crime Ink,Norton,,
Crisis Publications,Ingram,keepingram,
Critical Editions,Norton,,
Crooked Lane Books,Penguin Random House,,
Crossroad Publishing Co.,Ingram,keepingram,
Crossway,Ingram,keepingram,
Crown Currency,Penguin Random House,,
Crown Publishing Group,Penguin Random House,,
Crown Publishing Group (NY),Penguin Random House,,
Crystal Lake Publishing,Ingram,keepingram,
Csrc Storytelling,Ingram,keepingram,
Curbstone Press,Ingram,keepingram,
Cursed Morsels Press,Ingram,keepingram,
Da Capo Press,Hachette,,
Dafina Books,Penguin Random House,,
Dark Horse Books,Penguin Random House,,
Dark Horse Manga,Penguin Random House,,
Dark House Press,Penguin Random House,,
Dark Matter Ink,Ingram,keepingram,
Dark Matter Magazine,Ingram,keepingram,
Dark Regions Press,Ingram,keepingram,
Darklit Press,Ingram,keepingram,
David C Cook,Ingram,keepingram,
David\Crosby#& Carl Gottlieb,Ingram-PI,,
David Zwirner Books,Simon & Schuster,,
David Zwirner Books/Fraenkel Gallery,Simon & Schuster,,
Daw Books,Penguin Random House,,
Dayspring,Ingram,keepingram,
DC Black Label,Penguin Random House,,
DC Comics,Penguin Random House,,
Deadite Press,Ingram,keepingram,
Death's Head Press,IPG,,
Debate,Penguin Random House,,
Debolsillo,Penguin Random House,,
Dedalus Limited,SCB,,
Deicide Press,Ingram,keepingram,
Del Rey Books,Penguin Random House,,
Delacorte Press,Penguin Random House,,
Dell,Penguin Random House,,
Delmonico Books,DAP-Artbook,,
Delphinium Books,IPS,,
Dennis Vogel,Ingram,keepingram,
Design Originals,Ingram,keepingram,
Destiny Books,Ingram,keepingram,
DeVault-Graves Agency,Ingram,keepingram,
Dey Street Books,HarperCollins,,
Dial Press,Penguin Random House,,
Disinformation Company,Ingram,keepingram,
Disney Editions,Penguin Random House,,
Disney Hyperion,Penguin Random House,,
Disney Lucasfilm Press,Penguin Random House,,
Disney Manga,IPG,keepingram,
Disney Press,Penguin Random House,,
Disruption Books,IPG,keepingram,
Dissonant Hum,Ingram,keepingram,
DK Eyewitness Travel,Penguin Random House,,
DK Publishing,Penguin Random House,,
DK Publishing (Dorling Kindersley),Penguin Random House,,
Dokument Forlag,SCB,ingram,
Doom Fiction,Ingram-PI,,
Dorrance Publishing Co.,Ingram,keepingram,
Doubleday Books,Penguin Random House,,
Dover Publications,Ingram,keepingram,
Drag City,IPG,,
Drago,ACC Art Books,,
Drawn & Quarterly,Macmillan,,
Dread Farthing,Ingram,keepingram,
Drew's Bookstore,Ingram,keepingram,
DSTLRY Media,Diamond,ingram,
Duke University Press,Ingram-PI,,
Duomo Ediciones,Ingram,keepingram,
Dutton,Penguin Random House,,
Dutton Books for Young Readers,Penguin Random House,,
Dynamite Entertainment,Diamond,ingram,
Earth Island Books,Ingram-PI,,
Ebury Press,IPG,,
Ecco Press,HarperCollins,,
ECW Press,Simon & Schuster,,
Ediciones B,Penguin Random House,,
Editorial Alma,IPG,ingram,
Editorial Anagrama,Ingram,keepingram,
Edward White,Ingram-PI,,
Ember,Penguin Random House,,
Encantos,Macmillan,,
Encyclopocalypse Publications,Ingram,keepingram,
Entangled Publishing,Macmillan,,
Entangled: Amara,Macmillan,,
Entangled: Red Tower Books,Macmillan,,
Epic Ink Books,Hachette,,
Eraserhead Press,Ingram-PI,,
Erewhon Books,Penguin Random House,,
Eric Larocca,Ingram,keepingram,
Europa Editions,,,
Everyman's Library,Penguin Random House,,
Excelsior Editions/State University of New York Press,Ingram,keepingram,
Exotic Publisher,Ingram,keepingram,
Experiment,Norton,,
Eye of Newt Books,IPS,keepips,
FAB Press,SCB,ingram,
Faber & Faber,Macmillan,,
Fair Winds Press (MA),Hachette,,
Fairlight Books,IPG,,
Fairwood Press LLC,Ingram-PI,keepingram,
Faithwords,Hachette,,
Familius,Abrams,keepingram,
Fantagraphics Books,Norton,,
Fantasy and Horror Classics,Ingram-PI,,
Fantoons,Simon & Schuster,,
"Farrar, Straus and Giroux",Macmillan,,
Farshore,HarperCollins,,
Feathered Tentacle Press,Ingram,keepingram,
Feiwel & Friends,Macmillan,,
Feral House,IPS,keepips,
Fingerprint! Publishing,IPG,,
Firebird Creative LLC,Ingram,keepingram,
Firefly Books,Ingram,keepingram,
First Second,Macmillian,,
Flame Tree 451,Simon & Schuster,,
Flame Tree Collections,Simon & Schuster,,
Flame Tree Gift,Simon & Schuster,,
Flame Tree Illustrated,Simon & Schuster,,
Flame Tree Press,Simon & Schuster,,
Flame Tree Publishing,Simon & Schuster,,
Flammarion-Pere Castor,Penguin Random House,,
Flatiron Books,Macmillan,,
Fleming H. Revell Company,Ingram,keepingram,
Flesk Publications,IPS,keepips,
Flex Your Head Press,Ingram,keepingram,
Flux,Ingram,keepingram,
Focus,Hackett,noingram,
Footnote Press,Simon & Schuster,,
For Dummies,Ingram,keepingram,
Foreedge,Ingram,,
Forefront Books,Simon & Schuster,,
Forever,Hachette,,
Forge,Macmillan,,
Fortress Press,IPG,,
Four Way Books,Ingram,keepingram,
Fourth Estate,HarperCollins,,
Foxhall Press,Ingram,keepingram,
Frances Lincoln,Hachette,,
Free Press,Simon & Schuster,,
FSG Adult,Macmillan,,
FSG Originals,Macmillan,,
Fulcrum Publishing,IPG,,
G Letters,NBN,ingram,
G.P. Putnam's Sons,Penguin Random House,,
Gallery / Saga Press,Simon & Schuster,,
Gallery Books,Simon & Schuster,,
Gallery/13a,Simon & Schuster,,
Gallery/Scout Press,Simon & Schuster,,
Games Workshop,Simon & Schuster,,
"Gamut, Inc.",Ingram,keepingram,
Garden Path,Ingram,keepingram,
Gateway,Hachette,,
Gemini Press (NY),Simon & Schuster,,
Ghastling,Ingram-PI,,
Ghost Ship,Penguin Random House,,
Ghoulish Books,Ingram,keepingram,
Gibbs Smith,Ingram,keepingram,
Gill Books,Ingram,keepingram,
Gingko Press,IPS,keepips,
Glessner House,Ingram,keepingram,
Godwin Books,Macmillan,,
Golden Books,Penguin Random House,,
Golden Sufi Center,IPG,,
Gollancz,Penguin Random House,,
Gran Travesia,IPG,keepingram,
Grand Central Publishing,Hachette,,
Graphia Books,HarperCollins,,
Graphix,Ingram,keepingram,
Graydon House,HarperCollins,,
Graymalkin Media,Ingram,keepingram,
Graywolf Press,Macmillan,,
Greenleaf Book Group Press,Ingram,keepingram,
Greenwillow Books,HarperCollins,,
Griffin,Macmillan,,
Grijalbo,Penguin Random House,,
Grosset & Dunlap,Penguin Random House,,
Grove Press,IPS,keepips,
Guernica Editions,IPG,keepingram,
Guinness,Macmillan,,
Guinness World Records,Macmillan,,
Hachette Books,Hachette,,
Hachette Go,Hachette,,
Hackett Publishing Company,Hackett,,
Haikasoru,Simon & Schuster,,
Hailey Carlton,Ingram,keepingram,
Hamlyn (UK),Hachette,,
Hampton Roads Publishing Company,Red Wheel/Weiser,ingram,
Hanover Square Press,HarperCollins,,
Hard Case Crime,Penguin Random House,,
Hardie Grant Books,Chronicle,,
Harmony,Penguin Random House,,
Harper,HarperCollins,,
Harper Paperbacks,HarperCollins,,
Harper Perennial,HarperCollins,,
Harper Voyager,HarperCollins,,
HarperCollins,HarperCollins,,
HarperCollins Espanol,HarperCollins,,
Harpernorth,HarperCollins,,
HarperOne,HarperCollins,,
Harperteen,HarperCollins,,
Harpervia,HarperCollins,,
Harriman House,Macmillan,,
Harry N. Abrams,Hachette-Abrams,,
Harvard University Press,Ingram,keepingram,
Harvest Books,HarperCollins,,
Harvest House Publishers,Ingram,keepingram,
Harvest Publications,HarperCollins,,
Hay House LLC,Ingram,keepingram,
Head of Zeus,Macmillan,,
Head of Zeus -- An Adastra Book,Macmillan,,
Headline,Hachette,,
Headpress,SCB,ingram,
Headshell,Simon & Schuster,,
Heathen Editions,Heathen Editions,noingram,
Heavy Metal Entertainment,Simon & Schuster,,
Hell's Hundred,Penguin Random House,,
Hendrickson Publishers,Ingram,keepingram,
Henry Holt & Company,Macmillan,,
Herald Press (VA),Ingram,keepingram,
Hermes Press,Diamond,,
Hesperus Press,IPG,,
Hierophant Publishing,Red Wheel/Weiser,,
High Frequency LLC,Ingram,keepingram,
High Road Books,Ingram,keepingram,
Hill & Wang,Macmillan,,
History Press,IPG,,
Hoaki,IPS,keepips,
Hodder & Stoughton,Hachette,,
Hodder Studio,Hachette,,
Hogarth Press,Penguin Random House,,
Holiday House,Penguin Random House,,
Hollywood Comics,Penguin Random House,,
Holman Bibles,Ingram,,
Holt McDougal,Macmillan,,
Holt Paperbacks,Macmillan,,
Houghton Mifflin,HarperCollins,,
House of the Macabre,Ingram,keepingram,
Howl Society Press LLC,Ingram,keepingram,
"Humanoids, Inc.",Simon & Schuster,,
Hurst & Co.,Ingram-PI,,
Hyperidean Press,Ingram,keepingram,
Hyperion Avenue,Penguin Random House,,
Hyperion Books for Children,Penguin Random House,,
Ian O'Hara,Ingram,keepingram,
Icon Books,PGW,,
ICS Publications,Ingram,keepingram,
IDW Publishing,Penguin Random House,,
Ignatius Press,Ingram,keepingram,
Illumify,Ingram,keepingram,
Image Comics,Simon & Schuster,,
Imprint,Ingram,keepingram,
Inanna Publications & Education,Ingram-PI,,
Indiana University Press,Ingram,keepingram,
Indigo River Publishing,Ingram,keepingram,
Infinity Road Publishing House,Ingram-PI,,
Inimitable Books,Simon & Schuster,,
Inklore,Penguin Random House,,
Inkyard Press,HarperCollins,,
Inner Traditions International,Ingram,keepingram,
Insight Comics,Simon & Schuster,,
Insight Editions,Simon & Schuster,,
Insight Kids,Simon & Schuster,,
Insights,Simon & Schuster,,
Irie Books,Ingram-PI,,
IT Books,Ingram,keepingram,
IVP,Ingram,keepingram,
IVP Academic,Ingram,keepingram,
Ivy Press,Ingram,keepingram,
Ize Press,Hachette,,
Jab Books,IPG,,
"Jabberwocky Literary Agency, Inc.",Ingram,keepingram,
Jacaranda Books,Ingram,keepingram,
Jackanapes Press,Ingram-PI,,
Jackleg Press,Ingram,keepingram,
Jayack Publishing,Ingram-PI,,
Jessica Kingsley Publishers,Ingram,keepingram,
Jimmy Patterson,Hachette,,
jnc,Ingram,keepingram,
Jocko Publishing,Ingram-PI,,
John Blake,IPG,,
Johns Hopkins University Press,Ingram,keepingram,
Joshua S Porter,Ingram-PI,,
JournalStone,Ingram,keepingram,
Joy Revolution,Penguin Random House,,
J-Stroke Productions,Ingram-PI,keepingram,
Kamera Books,IPG,,
Kana,Hachette-Abrams,,
Kant,DAP-Artbook or IPS,keepips,
Katalpa Press,Ingram,keepingram,
Katherine Tegen Books,HarperCollins,,
Katie Cord,Ingram-PI,,
Kensington Publishing Corporation,Penguin Random House,,
Kim Oakshott,Ingram-PI,,
Kinfolk,Simon & Schuster,,
Kingfisher,Macmillan,,
Knopf Publishing Group,Penguin Random House,,
Kodansha Comics,Penguin Random House,,
Kodansha USA Publishing LLC,Penguin Random House,,
Korero Press,IPG,keepingram,
Kregel Publications,Ingram,keepingram,
Lake Union Publishing,Amazon,,
Lamplight Universe,Ingram-PI,,
Lannoo Publishers,ACC Art Books,keepingram,
Lanternfish Press,Ingram,,
Last Gasp,SCB,,
Laura Thalassa,Ingram,keepingram,
Laurence King,Macmillan,,
Leaping Hare,Ingram,keepingram,
Leave It Better Books,Ingram,keepingram,
Legacy Lit,Hachette,,
Legendary Comics,Simon & Schuster,,
Legion Publishers,Ingram,keepingram,
Lengua Viva,Ingram,keepingram,
Lethe Press,Ingram,keepingram,
Lexham Press,Ingram,keepingram,
Library of America,Penguin Random House,,
Licensed Publishing,Penguin Random House,,
Light Technology Publications,Ingram,keepingram,
Like Magic Studio,Ingram-PI,,
Lil' Libros,Ingram,keepingram,
L'Il Nob Press,Ingram,keepingram,
Limit Zero Publications,Ingram,keepingram,
Literatura Random House,Penguin Random House,,
Literary Wanderlust,Ingram-PI,,
Little a,Ingram,keepingram,
Little Brown and Co. (UK),Hachette,,
Little Brown and Company,Hachette,,
Little Simon,Simon & Schuster,,
"Little, Brown Books for Young Readers",Hachette,,
"Little, Brown Spark",Hachette,,
Liveright Publishing Corporation,Norton,,
Lividian Publications,Ingram-PI,,
Living the Line,Diamond,ingram,
Llewellyn Publications,Ingram,keepingram,
Lom Art,IPG,,
Lonely Planet,Hachette,,
Lost Horse Press,Ingram,keepingram,
Loyola Press,Ingram,keepingram,
Lucid House Publishing LLC,Ingram,keepingram,
Lulu.com,Ingram-PI,,
Lund Humphries Publishers Ltd,IPG,keepingram,
Luz de Jesus,SCB,,
Lyons Press,Ingram,keepingram,
Ma Non Troppo,IPG,,
Macabre Ink,Ingram,keepingram,
MacMillan Collector's Library,Macmillan,,
Mad Cave Studios,Simon & Schuster,,
Madness Heart Press,Ingram,keepingram,
Madville Publishing LLC,Ingram,keepingram,
Magnetic Press,Diamond,ingram,
Mandala Publishing,Simon & Schuster,,
Mango Books,,,
Manta Press,Ingram,keepingram,
Margaret K. McElderry Books,Simon & Schuster,,
Marie Bilodeau,Ingram-PI,keepingram,
Mariner Books,HarperCollins,,
Mariner Books Classics,HarperCollins,,
Market Street Bridge Press,Ingram,keepingram,
Martian Migraine Press,Ingram,keepingram,
Marvel Illustrated,Penguin Random House,,
Marvel Universe,Penguin Random House,,
Massive Publishing,Simon & Schuster,,
McClelland & Stewart,Penguin Random House,,
MCD,Macmillan,,
McGill-Queen's University Press,Ingram,keepingram,
McNidder and Grace,Ingram,keepingram,
McSweeney's,Baker & Taylor Publisher Services,,
McGraw-Hill Companies,Ingram,keepingram,
Media Lab,Macmillan,,
Meerkat Press,IPG,,
Melville House Publishing,Penguin Random House,,
Mercer University Press,Ingram,keepingram,
Metropolitan Books,Macmillan,,
Metropolitan Museum of Art New York,Ingram,keepingram,
MFA Publications,IPS,keepips,
Microcosm Publishing,Ingram,keepingram,
Mimesis,Ingram-PI,,
Minneapolis Institute of Arts,Ingram,keepingram,
Minotaur Books,Macmillan,,
Mira Books,HarperCollins,,
MIT Press,Penguin Random House,,
Mitchell Beazley,IPG,,
Mobius,Hachette,,
Modern Library,Penguin Random House,,
Monacelli Press,,,
Monoray,Hachette,,
Monsoon Books,Ingram,keepingram,
Montlake,Ingram,keepingram,
Moody Publishers,Ingram,keepingram,
Moon Books,Ingram,keepingram,
Morrow Gift,HarperCollins,,
MTV Books,Simon & Schuster,,
Mulholland Books,Hachette,,
Museum of New Mexico Press,Ingram,keepingram,
Nancy Paulsen Books,Penguin Random House,,
Nantier Beall Minoustchine Publishing,IPG,,
National Geographic Society,Penguin Random House,,
NavPress Publishing Group,Ingram,keepingram,
New Directions Publishing Corporation,Norton,,
New Harbinger Publications,Ingram,keepingram,
New Harvest,HarperCollins,,
New Page Books,Ingram,keepingram,
New York Review Comics,Penguin Random House,,
New York Review of Books/NYRB,Penguin Random House,,
Nicholas Brealey Publishing,Hachette,,
Night Shade Books,Simon & Schuster,,
Nine Eight Books,IPG,,
No Starch Press,Penguin Random House,,
Nobrow,Penguin Random House,,
Northern Light Press,Ingram,keepingram,
Norton,Norton,,
Nosetouch Press,Ingram-PI,keepingram,
Notting Hill Editions,Penguin Random House,,
NYRB,Penguin Random House,,
Nyrb Kids,Penguin Random House,,
NYQ Books,Ingram,keepingram,
Odd Dot,Macmillan,,
Oddness,Ingram,keepingram,
Ode Books,Ingram,keepingram,
Off Limits Press LLC,Ingram,keepingram,
Ohio University Press,Ingram,keepingram,
Old Farmer's Almanac,HarperCollins,,
Omnidawn,Ingram,keepingram,
Omnibus Press,IPS,keepips,
One More Chapter,HarperCollins,,
One Peace Books,SCB,,
One World,Simon & Schuster,,
Oni Press,Simon & Schuster,,
Open Road Integrated Media LLC,IPG,,
Open Road Media,IPG,,
Open Road Media Science & Fantasy,IPG,,
Opus Comics,Diamond,,
Opus Comics (Incendium),Diamond,,
Orb Books,Macmillan,,
Orbis Books,Ingram,keepingram,
Orbit,Hachette,,
Orchid's Lantern,Ingram,keepingram,
Orion Publishing Group,Ingram,keepingram,
Other Press (NY),Penguin Random House,,
Our Daily Bread Publishing,Ingram,keepingram,
Outland Entertainment,IPG,,
Outreach/New Reader,Penguin Random House,,
Overlook Press,Abrams,,
"Oxford University Press, USA",Ingram,keepingram,
Page Street,Macmillan,,
Page Two,Macmillan,,
Paginas de Espuma,Ingram,keepingram,
Painted Blind Publishing,Ingram,keepingram,
Palazzo Editions,IPS,keepips,
Pamela Dorman Books,Penguin Random House,,
Pan MacMillan,Macmillan,,
Pantera Press,IPG,,
Pantheon Books,Penguin Random House,,
Papercutz,Simon & Schuster,,
Parallax Press,Penguin Random House,,
Paragon Books,SCB,,
Park Row,HarperCollins,,
Park Street Press,Simon & Schuster,,
Pavilion Books,HarperCollins,,
Peachtree Teen,Penguin Random House,,
Pegasus Books,Simon & Schuster,,
Pegasus Crime,Simon & Schuster,,
Pen and Sword History,Ingram,keepingram,
Penguin,Penguin Random House,,
Penguin Books,Penguin Random House,,
Penguin Group,Penguin Random House,,
Penguin Life,Penguin Random House,,
Penguin Press,Penguin Random House,,
Penguin Publishing Group,Penguin Random House,,
Peninsula Publishing,Ingram,keepingram,
Pequod Publishing,Ingram,keepingram,
Perfect Edge,Ingram,keepingram,
Perigee Books,Penguin Random House,,
Permuted Press,Simon & Schuster,,
Perpetual Motion Machine Publishing,Ingram,keepingram,
Persea Books,Norton,,
Phaidon Press,Hachette,,
Phillip Mottaz,Ingram,keepingram,
Philip Wilson Publishers,Macmillan,,
Philomel Books,Penguin Random House,,
Picador Paper,Macmillan,,
Picador USA,Macmillan,,
Piggyback Interactive,Simon & Schuster,,
Pilgrim Press,Ingram,keepingram,
Pitch Publishing,IPG,,
Planet Bizarro,Ingram,keepingram,
Planeta Publishing,IPS,keepips,
"Plaza & Janes Editores, S.A.",Penguin Random House,,
Plume Books,Penguin Random House,,
Pocket Books,Simon & Schuster,,
Pocket Star,Simon & Schuster,,
Poisoned Pen Press,Ingram,keepingram,
Polity Press,Ingram,keepingram,
Polymath Press,Ingram,keepingram,
Pomegranate Communications,Ingram,keepingram,
Portfolio,Penguin Random House,,
Post Hill Press,Simon & Schuster,,
Potter Style,Penguin Random House,,
powerHouse Books,Penguin Random House,,
Prestel Publishing,Penguin Random House,,
Priddy Books,Macmillan,,
Princeton Architectural Press,Chronicle,,
Princeton University Press,IPS,keepips,
Prometheus Books,National Book Network,,
PublicAffairs,Hachette,,
Puffin Books,Penguin Random House,,
Pushkin Collection,Penguin Random House,,
Pushkin Press Classics,Penguin Random House,,
Pushkin Vertigo,Penguin Random House,,
Quadrille Publishing,Penguin Random House,,
Quarry Books,Ingram,keepingram,
Quercus Publishing,Penguin Random House,,
Quest Books (IL),Red Wheel/Weiser,,
Quill & Crow Publishing House,Ingram,keepingram,
Quill Tree Books,HarperCollins,,
Quirk Books,Penguin Random House,,
Quoir,Ingram,keepingram,
Rabsel Publications,IPG,,
Racehorse for Young Readers,Simon & Schuster,,
Race Point Publishing,Hachette,,
Ragnarok Publiations,IPG,,
Rainmaker Publishing,Ingram,keepingram,
Random House,Penguin Random House,,
Random House Books for Young Readers,Penguin Random House,,
Random House Studio,Penguin Random House,,
Random House Trade,Penguin Random House,,
Random House Worlds,Penguin Random House,,
Rare Bird Books,IPS,keepips,
Raw Dog Screaming Press,Ingram,keepingram,
Rayo,HarperCollins,,
Razorbill,Penguin Random House,,
Reagan Arthur Books,Hachette,,
Reaktion Books,Ingram,keepingram,
Rebel Girls,Ingram,keepingram,
Rebellion,Simon & Schuster,,
Rebellion Publishing,Simon & Schuster,,
Red 5 Premium,Simon & Schuster,,
Red Tower Books,Macmillan,,
Redford Wilkins Publishing,Ingram,keepingram,
Redhook,Hachette,,
Reedy Press,Ingram,keepingram,
Reel Art Press,DAP-Artbook or IPS,,
Regalo Press,Simon & Schuster,,
Regnery Faith,Simon & Schuster,,
Rejected Publishing Guild,Ingram,keepingram,
Repeater,Penguin Random House,,
Resonant Earth Publishing,Ingram,keepingram,
Restless Books,IPS,keepips,
Retrofuture Products LLC,Ingram,keepingram,
Reycraft Books,Ingram,keepingram,
Rick Riordan Presents,Penguin Random House,,
Rick Steves,Hachette,,
Ripley Publishing,Simon & Schuster,,
"Rising Action Publishing, blackstone",Ingram,keepingram,
Riverdale Avenue Books,Ingram,keepingram,
Riverhead Books,Penguin Random House,,
Rizzoli Electa,Penguin Random House,,
Rizzoli International Publications,Penguin Random House,,
Rlpg/Galleys,Ingram-PI,keepingram,
Roaring Brook Press,Macmillan,,
Robinson Press,Hachette,,
Roca,Penguin Random House,,
Rock Point,Hachette,,
Rocketship Entertainment,Simon & Schuster,,
Rockport Publishers,Ingram,keepingram,
Rockridge Press,,,
Rocky Pond Books,Penguin Random House,,
Rodale Books,Penguin Random House,,
Rose & Moth Books,Ingram,keepingram,
Rosedog Books,Ingram,keepingram,
Rough House Publishing LLC,Ingram,keepingram,
Roundtree Press,Ingram,,
Row House Publishing,Simon & Schuster,,
Rowman & Littlefield Publishers,National Book Network,,
RP Minis,Hachette,,
RP Studio,Hachette,,
Running Press Adult,Hachette,,
Running Wild Press,IPG,ingram,
Rutgers University Press,Ingram,keepingram,
Ryland Peters & Small,Simon & Schuster,,
S&S/ Marysue Rucci Books,Simon & Schuster,,
S&S/Saga Press,Simon & Schuster,,
S&S/Simon Element,Simon & Schuster,,
Salamandra Infantil Y Juvenil,Penguin Random House,,
Salem Books,Ingram,keepingram,
Sandstone Press Ltd,Casemate,noingram,
Schiffer Publishing,Schiffer,,
Schiffer Craft,Schiffer,,
Schirmer Trade Books,IPS,keepips,
Schism Press,Ingram,keepingram,
Scholastic Inc.,Ingram,keepingram,
Scholastic Press,Ingram,keepingram,
Scott Nathan Omnimedia,Ingram,keepingram,
Scout Comics,Simon & Schuster,,
Scribner Book Company,Simon & Schuster,,
SD Publishing LLC,Ingram,keepingram,
Seagull Books,Ingram,keepingram,
Seal Press (CA),Hachette,,
Selfmadehero,Abrams,,
Seltmann Publishers Gmbh,National Book Network,,
Semiotext(e),Penguin Random House,,
Semsoli,Ingram,keepingram,
Sentinel,Penguin Random House,,
Seven Seas,Penguin Random House,,
Seven Seas Entertainment,Penguin Random House,,
Seven Stories Press,Penguin Random House,,
Severed Press,Ingram-PI,,
Sf/For the Culture,Ingram-PI,,
Shacklebound Books,Ingram-PI,,
Shadow Mountain,Ingram,keepingram,
Shambhala,Penguin Random House,,
Shawline Publishing Group,Ingram,keepingram,
Shortwave Media,Ingram,keepingram,
Siete Cuentos Editorial,Penguin Random House,,
Signet Book,Penguin Random House,,
Silver Sprocket,SCB,ingram,
Simon & Schuster,Simon & Schuster,,
Simon & Schuster Books for Young Readers,Simon & Schuster,,
Simon Element / Simon Acumen,Simon & Schuster,,
Sirius Entertainment,Baker & Taylor Publishing Services,ingram,
Skybound Books,Simon & Schuster,,
Skyhorse Publishing,Simon & Schuster,,
Smart Pop,Penguin Random House,,To change to Simon & Schuster in Jan 2025
Smith Street Books,Penguin Random House,,
Smithsonian Books,Penguin Random House,,
Snuggly Books,Ingram,keepingram,
Soft Skull,Penguin Random House,,
Soho Crime,Penguin Random House,,
Soho Press,Penguin Random House,,
Solaris,Simon & Schuster,,
Sona Books,IPG,ingram,
Sophia Institute Press,Ingram,keepingram,
Sounds True,Macmillan,,
Sourcebooks,Penguin Random House,,
Sourcebooks Casablanca,Penguin Random House,,
Sourcebooks Fire,Penguin Random House,,
Sourcebooks Landmark,Penguin Random House,,
South of Heaven Press,Ingram,keepingram,
Space Cowboy Books,Ingram,keepingram,
Spaceboy Books LLC,Ingram,keepingram,
Sparkpress,Simon & Schuster,,
Speak,Penguin Random House,,
Spectra Books,Penguin Random House,,
Square Enix,Penguin Random House,,
Square Enix Manga,Penguin Random House,,
Square Fish,Macmillan,,
Square Peg,IPG,,
St. Asinus Publishing,Ingram-PI,,
St. Martin's Essentials,Macmillan,,
St. Martin's Griffin,Macmillan,,
St. Martin's Press,Macmillan,,
St. Martins Press-3PL,Macmillan,,
Star Trek,Simon & Schuster,,
Stark House Press,Ingram,keepingram,
Starscape,Macmillan,,
Steerforth Press,Penguin Random House,,
"Stephanie Edens, LLC",Ingram,keepingram,
Stephanie Sparks,Ingram-PI,,
Sterling and Stone,Ingram-PI,,
Sterling Ethos,Ingram,keepingram,
Strange Attractor Press,Penguin Random House,,
Strange Light,Penguin Random House,,
Strange Wilds Press,Ingram,keepingram,
Storey Publishing,Hachette,,
Storm King Productions,Diamond,,
Strange Elf Press,Ingram,keepingram,
Strange Violin Editions,Ingram,keepingram,
Sublation Media,Ingram,keepingram,
Subplot,Ingram,keepingram,
Subterranean Press,Ingram,keepingram,
Suma,Penguin Random House,,
Summersdale,Hachette,,
Swan River Press,Ingram,keepingram,
Swedenborg Foundation,Ingram,keepingram,
Swoon Reads,Macmillan,,
Sword Lady Books,Ingram,,
Tachyon Publications,Baker & Taylor Publishing Services,ingram,
Taffety Punk Theatre Company,Ingram,keepingram,
Tan Books,Ingram,keepingram,
Tarcherperigree,Penguin Random House,,
Tate Publishing(UK),Abrams,,
Te Neues Publishing Company,IPS,keepips,
Ten Speed Graphic,Penguin Random House,,
Ten Speed Press,Penguin Random House,,
Tenebrous Press,Ingram,keepingram,
Thames & Hudson,Norton,,
Thesis,Penguin Random House,,
Thin Leaf Print,Ingram,keepingram,
Third Editions,SCB,,
Thomas & Mercer,Ingram,keepingram,
Thomas Dunne Books,Macmillan,,
Thomas E Deady,Ingram,keepingram,
Thomas Nelson,HarperCollins,,
Three Rooms Press,Ingram,,
Threshold Editions,Simon & Schuster,,
Thunder Bay Press,Simon & Schuster,,
Timber Press (OR),Hachette,,
Times Books,Macmillan,,
Tin House Books,Norton,,
Tiny Reparations Books,Penguin Random House,,
Titan Books (UK),Penguin Random House,,
Titan Comics,Penguin Random House,,
Tokyopop,Penguin Random House,,
Toon Books,Penguin Random House,,
Top Shelf Productions,Penguin Random House,,
Tor Books,Macmillan,,
Tor MM,Macmillan,,
Tor Nightfire,Macmillan,,
Tordotcom,Macmillan,,
Touchstone Books,Simon & Schuster,,
Tra Publishing,Simon & Schuster,,
Trafalgar Square,Macmillan,,
Transit Books,IPS,keepips,
Transworld,IPG,keepingram,
Trepidatio Publishing,Ingram,keepingram,
Trineday Fiction,IPG,,
Trouser Press Books,Ingram,keepingram,
Truborn Press,Ingram,keepingram,
Truman Talley Books,Macmillan,,
Tundra Books (NY),Penguin Random House,,
Turner,IPS,keepips,
Tuttle,IPS,keepips,
Twelve,Hachette,,
Twirl,Hachette,,
Twisted Spoon Press,SCB,,
Two Morrows Publishing,Ingram,keepingram,
Two Small Smudges,Ingram,keepingram,
Tyndale Elevate,Ingram,keepingram,
Tyndale House Publishers,Ingram,keepingram,
Tyndale Momentum,Ingram,keepingram,
Udon Entertainment,Diamond,ingram,
Ulysses Press,Simon & Schuster,,
Underland Press,Ingram,keepingram,
Undertow Publications,Ingram-PI,,
Unicorn Publishing Group,Ingram,keepingram,
Union Square & Co.,Ingram,keepingram,
Union Square Kids,Ingram,keepingram,
Universe Publishing(NY),Penguin Random House,,
University Press of Florida,Ingram,keepingram,
University of Chicago Press,Ingram,keepingram,
University of Michigan Press,Ingram,keepingram,
University of Minnesota Press,Ingram,keepingram,
University of Nebraska Press,Ingram,keepingram,
University of New Orleans Press,Ingram,keepingram,
University of North Carolina Press,Ingram,keepingram,
University of Texas Press,Ingram,keepingram,
University Press of Florida,Ingram,keepingram,
Urano World,Ingram,keepingram,
Urbanomic,Penguin Random House,,
Urbanomic/Sequence Press,Penguin Random House,,
US Naval Institute Press,Ingram,keepingram,
Valiant Entertainment LLC,Diamond,,
Vanguard Press,Hachette,,
Vanishing Edge Press,Ingram,keepingram,
Vault Comics,Simon & Schuster,,
Vegetarian Alcoholic Press,Ingram,keepingram,
Velocity Press,SCB,,
Vermilion,Penguin Random House,,
Versify,HarperCollins,,
Verso,Penguin Random House,,
Verso Fiction,Penguin Random House,,
Vertical,Penguin Random House,,
Vertical Comics,Penguin Random House,,
Vertigo,Penguin Random House,,
Vertvolta Press,Ingram,keepingram,
Victionary,IPS,keepips,
Victoria & Albert Museum,Ingram,keepingram,
Victorious,Ingram,keepingram,
Vida Publishers,HarperCollins,,
Viking,Penguin Random House,,
Viking Books for Young Readers,Penguin Random House,,
Vintage,Penguin Random House,,
Vintage Books,Penguin Random House,,
Vintage Classics,IPG,,
Vintage Crime/Black Lizard,Penguin Random House,,
Vintage Espanol,Penguin Random House,,
Virago Press (UK),Hachette,,
Viva Editions,Simon & Schuster,,
Viz Media,Simon & Schuster,,
Voracious,Hachette,,
Voyager,HarperCollins,,
W by Wattpad Books,Macmillan,,
W. W. Norton & Company,Norton,,
Wakefield Press,DAP-Artbook or IPS,keepips,
War Room Books,Simon & Schuster,,
Warbler Press,Ingram,keepingram,
Warhammer Horror,Simon & Schuster,,
Washington Square Press,Simon & Schuster,,
Waterbrook Press,Penguin Random House,,
Watkins Publishing,Penguin Random House,,
Wattpad Books,Macmillan,,
Wayne State University Press,Ingram,keepingram,
Webtoon Unscrolled,Macmillan,,
Wednesday Books,Macmillan,,
Weirdpunk Books,Ingram-PI,,
Weiser Books,Red Wheel/Weiser,,
Welbeck Publishing,IPS,keepips,
Weldon Owen,Simon & Schuster,,
Wellfleet Press,Ingram,keepingram,
Wesleyan University Press,Ingram,keepingram,
Whitaker House,Ingram,keepingram,
White Lion Publishing,Hachette,,
White Rabbit,Hachette,,
White Star Publishers,Ingram,keepingram,
Wildfire,Hachette,,
Wiley,Ingram-PI,,
Wiley-Blackwell,Ingram,keepingram,
William B. Eerdmans Publishing Company,Ingram,keepingram,
William Collins,HarperCollins,,
William M Briggs,Ingram,keepingram,
William Morrow & Company,HarperCollins,,
Wings & Fangs Publishing,Ingram-PI,,
Wipf & Stock Publishers,Ingram,keepingram,
Wisconsin Historical Society Press,Ingram,keepingram,
Wisdom Publications,Simon & Schuster,,
Wizard Publications,Ingram,keepingram,
Wizards of the Coast,Ingram,keepingram,
Wonderfull Entertainment,Ingram,keepingram,
Word Horde,Ingram,keepingram,
Wordfire Press,Ingram,keepingram,
Wordsworth Editions,Ingram or Faire,keepingram,
Workman Publishing,Hachette,,
World Almanac Books,Simon & Schuster,,
World Weaver Press,Ingram,keepingram,
Worthy Books,Hachette,,
Wooden Books,Ingram,keepingram,
Write Bloody Publishing,Ingram,keepingram,
Writer's Digest Books,Penguin Random House,,
Writers of the Apocalypse,Ingram,keepingram,
Written Backwards,Ingram,keepingram,
Wtju Radio,Ingram,keepingram,
Wymer UK,Ingram-PI,,
Yale University Press,Ingram,keepingram,
Yearling Books,,,
Yen on,Hachette,,
Yen Press,Hachette,,
Z2 Comics,Simon & Schuster,,
Zephyr,Macmillan,,
Zondervan,HarperCollins,,